locus_tag,Substrate,seq,smiles,T,Temp_K_norm,Inv_Temp_norm,pred_log10kcat
1_946,UDP-glucose,MKKVAAILVTYNRVDLLKKCLSQLLIQPAALTQILVIDNHSSDDTQSFMSKLVKEHHQVIYSRLDSNLGGAGGFSEGIKQAMSLDVDYFWIMDDDTIPNPDTLTNLLDADKQLQSKWSFLSSNVRWVDNKAARMNQLTTQKYWSDEIGNGLIAVKTGTFVSILIKKDDVVRVGLPISEFFIWSDDTEYTIRLSDKFTGYFVINSTVTHETKVNLSVDLVHERDKNKISRYYYSLRNGFYIARREKKVGRYFVRAVLLSLSVIVSNSEYKWLKLKALYRGLFAGFVFNPKIKFYS,C1=CN(C(=O)NC1=O)C2C(C(C(O2)COP(=O)(O)OP(=O)(O)OC3C(C(C(C(O3)CO)O)O)O)O)O,37,0.37,0.554842818,1.4301185607910156
1_956,UDP-glucose,MKQVEINETVKVGHIQPQTNYQFLTMIGRPVTGWKLVVKRVFDLIVGLVGTVLSSPIVLIFAILVKLTSKGPAFYKQERVGLMGKSFNVIKLRSMYQNAEARTGAVWAQKNDPRITPVGRFMRKTRVDELPQFWNVLKGDMSLVGPRPERPVLTEEFSQQFADFPKRLRIIPGITGYAQINGGYDITPDAKCKLDNYYIEHFSVWFDIKMLLGTVKIVFTGDGAR,C1=CN(C(=O)NC1=O)C2C(C(C(O2)COP(=O)(O)OP(=O)(O)OC3C(C(C(C(O3)CO)O)O)O)O)O,37,0.37,0.554842818,-0.19268351793289185
1_957,UDP-glucose,MKIVYVITQATWGGAQAHLYSLIERQVKIGNTVTLISGIEGRLSEQIKKNLPQVKLVIISNLVRQVSLINDFKAIRALRKLLKGLKPDILHLHSSKAGMVGRLAALGLSMKVVFTVHGWGFTPGVSKKQQLLIKLVEKTLRPLTTYYICVSRFDYQLGVENGIINESHPGVVIYNGVREVRCTVHNERSEKPFVLTMAARFNSQKRQDLLIQALAYIPDDLPLICNFLGNGPLLPNCQQLTQKLQVDDKVNFVGSVDNVQKYYQQSDGAILISDYEGLPISLVEALAQHLPIIASNVGGNEELIHNNGFLVGNDPHKIADKIVQLYRARDKKRMEDNSYKLFQRYFMVEDMLAQTQACYARCLA,C1=CN(C(=O)NC1=O)C2C(C(C(O2)COP(=O)(O)OP(=O)(O)OC3C(C(C(C(O3)CO)O)O)O)O)O,37,0.37,0.554842818,0.6833325624465942
1_958,UDP-glucose,MIRVAHILFSSELGGAEQVAINISRNLSDCYHFTYFSPSGPIQNSVMAERIEYQSFDPKQIIKLKWEIEATKPDIIHAHDFKASFLANFLFRHIPIVTHIHQSPLWQTTCNLKSIAFKHVADKSARVIYVSKWAKESYIFQDKLTNTTVIPNGVDIERIKELAYLSIPTAFDLLFVGRLEEVKNPERFVEISKRLLVMFPNLKIGIVGDGSLKERLQSLIRELPQISLLGFQSNPYQYMARAKVVLSTSKSDAFGLTMVEAALLGAIPIAPSIGGIAQTTDELNGIVYASDDALLASLRDIFSDELIYKQFKSEISKIDFTKYGQTRFVNQIRQVYEGVLNDD,C1=CN(C(=O)NC1=O)C2C(C(C(O2)COP(=O)(O)OP(=O)(O)OC3C(C(C(C(O3)CO)O)O)O)O)O,37,0.37,0.554842818,0.11387278139591217
1_960,UDP-glucose,MEISVVMSVYNERPEQVRQSVEAILGQTYLPTEFIIVLDNPNQNDLKALLQTYDQQNDIIKLVFNWENIGLAASLNKAIKLANGELIARMDADDISEPKRLELELRELKRRSLDLVSGNIVYIDESGSVTGKKSAIPEDERLIAKLLPYGSTIIHPTVLMRKSAIDQVGGYRLLPTAEDYDLWLRMIASGLKIGSINVQVLKYRLRDNSMTSNAWKTYVVSRYIQKLYAQRVHTGDDAFKSDDPDLFAKINNEGMRQKFNRGQQYFTLAMQNTRQKKVGKGLHQLVKAMVTSKDNFYFVMNYLRFRLVWAVNRGRYHHV,C1=CN(C(=O)NC1=O)C2C(C(C(O2)COP(=O)(O)OP(=O)(O)OC3C(C(C(C(O3)CO)O)O)O)O)O,37,0.37,0.554842818,0.543152928352356
1_962,UDP-glucose,MVNAKAKKLINNIGIFAIGNLGSKLISFILIPIFTRYMGTAQFGQVDLITTTINMLLPVVALSVADAVFRFVMDKNSDQVAVFTNGLSFTVLMIIIANLVYPVLVILNVNYAKYILIYLCVGLIQSLMQNFVRGIGYVKLFALNGLISSFVLAGVGLVRIVLQHGGVDGYLDALILSNGASIVFLGVFSKIWKFYALSALNRTFLITMLRYSIPLIPNAFLWFFTNDASRFFIVGILGLTANGLYAVATKIPTIINVFYTIFSQAWQISAVEEYEENRQGRFFSDVFNANAGLSFVLIGGIIVFLKPIMHVFVAASYFSAWEIVPTLLLASLFSNLSGFLGTIYLATKQTIGIMKTTVLGMLANVVLNLILIPLFGLQGAGIGAAAGFAFVALVRLRDVKKFVVLKVAWVPLITSLLLLIGMTIIQLSLPNILMMYLVLVMSELILIAINMHFLLRVKRK,C1=CN(C(=O)NC1=O)C2C(C(C(O2)COP(=O)(O)OP(=O)(O)OC3C(C(C(C(O3)CO)O)O)O)O)O,37,0.37,0.554842818,1.3989285230636597
1_981,UDP-glucose,MAKIACVIVTYNRKQLLGEALESALNQEAAPETIFVIDNASTDGTEGYINQRFDFDNQRLHYVRCAQNLGGSAGFATGMRLALQTDCDWISISDDDALFEPGYFKAMRAGIADHPQQQVFSGSVLLPDGTHDMMHRELITNPATLTVKPVSEATYVQDFMYDIFSFVGVLMSRQVVEDIGLPEQDYFIRFDDFEYAVRALKYGRFMNLSAAKVLHKTTYMRASIAPWKEYYVMRNRIALLLKHRGANRVTRWYCRRFLARKLLAILLFRNRWGQAWPLIKAYVTGYRDGWHARLGRQLAFLPS,C1=CN(C(=O)NC1=O)C2C(C(C(O2)COP(=O)(O)OP(=O)(O)OC3C(C(C(C(O3)CO)O)O)O)O)O,37,0.37,0.554842818,0.47981083393096924
1_982,UDP-glucose,MQYGAVVVTFNRKKLLLESITALMNQTVPPTKIIIIDNHSTDGTRAALEHQGILTNSQVDYRYLEQNIGGAGGFARGMQIAQADPNLDWVSLSDDDAIFEADYFEKLIAYHSTHPNRQILTGSVYVEDGRLQVDQRNRFTSWSTFRTQAVPEAAYTGNFEFDQYTFCGVFMSLAIVKQVGVADAGFFIWWDDCEYAVRTAKLSKPVNVSAAKLIHKTYLPSLDLKTSFIPDWRLYYGLRNRFITIKRWRANPVVSLAWLSYFYARLLFKLCGPFYRGYHKMVIKAYTQALRDAAIEKEGLNLNFMPGQKF,C1=CN(C(=O)NC1=O)C2C(C(C(O2)COP(=O)(O)OP(=O)(O)OC3C(C(C(C(O3)CO)O)O)O)O)O,37,0.37,0.554842818,1.474226713180542
1_946,UDP-galactose,MKKVAAILVTYNRVDLLKKCLSQLLIQPAALTQILVIDNHSSDDTQSFMSKLVKEHHQVIYSRLDSNLGGAGGFSEGIKQAMSLDVDYFWIMDDDTIPNPDTLTNLLDADKQLQSKWSFLSSNVRWVDNKAARMNQLTTQKYWSDEIGNGLIAVKTGTFVSILIKKDDVVRVGLPISEFFIWSDDTEYTIRLSDKFTGYFVINSTVTHETKVNLSVDLVHERDKNKISRYYYSLRNGFYIARREKKVGRYFVRAVLLSLSVIVSNSEYKWLKLKALYRGLFAGFVFNPKIKFYS,C1=CN(C(=O)NC1=O)C2C(C(C(O2)COP(=O)(O)OP(=O)(O)OC3C(C(C(C(O3)CO)O)O)O)O)O,37,0.37,0.554842818,1.4301185607910156
1_956,UDP-galactose,MKQVEINETVKVGHIQPQTNYQFLTMIGRPVTGWKLVVKRVFDLIVGLVGTVLSSPIVLIFAILVKLTSKGPAFYKQERVGLMGKSFNVIKLRSMYQNAEARTGAVWAQKNDPRITPVGRFMRKTRVDELPQFWNVLKGDMSLVGPRPERPVLTEEFSQQFADFPKRLRIIPGITGYAQINGGYDITPDAKCKLDNYYIEHFSVWFDIKMLLGTVKIVFTGDGAR,C1=CN(C(=O)NC1=O)C2C(C(C(O2)COP(=O)(O)OP(=O)(O)OC3C(C(C(C(O3)CO)O)O)O)O)O,37,0.37,0.554842818,-0.19268351793289185
1_957,UDP-galactose,MKIVYVITQATWGGAQAHLYSLIERQVKIGNTVTLISGIEGRLSEQIKKNLPQVKLVIISNLVRQVSLINDFKAIRALRKLLKGLKPDILHLHSSKAGMVGRLAALGLSMKVVFTVHGWGFTPGVSKKQQLLIKLVEKTLRPLTTYYICVSRFDYQLGVENGIINESHPGVVIYNGVREVRCTVHNERSEKPFVLTMAARFNSQKRQDLLIQALAYIPDDLPLICNFLGNGPLLPNCQQLTQKLQVDDKVNFVGSVDNVQKYYQQSDGAILISDYEGLPISLVEALAQHLPIIASNVGGNEELIHNNGFLVGNDPHKIADKIVQLYRARDKKRMEDNSYKLFQRYFMVEDMLAQTQACYARCLA,C1=CN(C(=O)NC1=O)C2C(C(C(O2)COP(=O)(O)OP(=O)(O)OC3C(C(C(C(O3)CO)O)O)O)O)O,37,0.37,0.554842818,0.6833325624465942
1_958,UDP-galactose,MIRVAHILFSSELGGAEQVAINISRNLSDCYHFTYFSPSGPIQNSVMAERIEYQSFDPKQIIKLKWEIEATKPDIIHAHDFKASFLANFLFRHIPIVTHIHQSPLWQTTCNLKSIAFKHVADKSARVIYVSKWAKESYIFQDKLTNTTVIPNGVDIERIKELAYLSIPTAFDLLFVGRLEEVKNPERFVEISKRLLVMFPNLKIGIVGDGSLKERLQSLIRELPQISLLGFQSNPYQYMARAKVVLSTSKSDAFGLTMVEAALLGAIPIAPSIGGIAQTTDELNGIVYASDDALLASLRDIFSDELIYKQFKSEISKIDFTKYGQTRFVNQIRQVYEGVLNDD,C1=CN(C(=O)NC1=O)C2C(C(C(O2)COP(=O)(O)OP(=O)(O)OC3C(C(C(C(O3)CO)O)O)O)O)O,37,0.37,0.554842818,0.11387278139591217
1_960,UDP-galactose,MEISVVMSVYNERPEQVRQSVEAILGQTYLPTEFIIVLDNPNQNDLKALLQTYDQQNDIIKLVFNWENIGLAASLNKAIKLANGELIARMDADDISEPKRLELELRELKRRSLDLVSGNIVYIDESGSVTGKKSAIPEDERLIAKLLPYGSTIIHPTVLMRKSAIDQVGGYRLLPTAEDYDLWLRMIASGLKIGSINVQVLKYRLRDNSMTSNAWKTYVVSRYIQKLYAQRVHTGDDAFKSDDPDLFAKINNEGMRQKFNRGQQYFTLAMQNTRQKKVGKGLHQLVKAMVTSKDNFYFVMNYLRFRLVWAVNRGRYHHV,C1=CN(C(=O)NC1=O)C2C(C(C(O2)COP(=O)(O)OP(=O)(O)OC3C(C(C(C(O3)CO)O)O)O)O)O,37,0.37,0.554842818,0.543152928352356
1_962,UDP-galactose,MVNAKAKKLINNIGIFAIGNLGSKLISFILIPIFTRYMGTAQFGQVDLITTTINMLLPVVALSVADAVFRFVMDKNSDQVAVFTNGLSFTVLMIIIANLVYPVLVILNVNYAKYILIYLCVGLIQSLMQNFVRGIGYVKLFALNGLISSFVLAGVGLVRIVLQHGGVDGYLDALILSNGASIVFLGVFSKIWKFYALSALNRTFLITMLRYSIPLIPNAFLWFFTNDASRFFIVGILGLTANGLYAVATKIPTIINVFYTIFSQAWQISAVEEYEENRQGRFFSDVFNANAGLSFVLIGGIIVFLKPIMHVFVAASYFSAWEIVPTLLLASLFSNLSGFLGTIYLATKQTIGIMKTTVLGMLANVVLNLILIPLFGLQGAGIGAAAGFAFVALVRLRDVKKFVVLKVAWVPLITSLLLLIGMTIIQLSLPNILMMYLVLVMSELILIAINMHFLLRVKRK,C1=CN(C(=O)NC1=O)C2C(C(C(O2)COP(=O)(O)OP(=O)(O)OC3C(C(C(C(O3)CO)O)O)O)O)O,37,0.37,0.554842818,1.3989285230636597
1_981,UDP-galactose,MAKIACVIVTYNRKQLLGEALESALNQEAAPETIFVIDNASTDGTEGYINQRFDFDNQRLHYVRCAQNLGGSAGFATGMRLALQTDCDWISISDDDALFEPGYFKAMRAGIADHPQQQVFSGSVLLPDGTHDMMHRELITNPATLTVKPVSEATYVQDFMYDIFSFVGVLMSRQVVEDIGLPEQDYFIRFDDFEYAVRALKYGRFMNLSAAKVLHKTTYMRASIAPWKEYYVMRNRIALLLKHRGANRVTRWYCRRFLARKLLAILLFRNRWGQAWPLIKAYVTGYRDGWHARLGRQLAFLPS,C1=CN(C(=O)NC1=O)C2C(C(C(O2)COP(=O)(O)OP(=O)(O)OC3C(C(C(C(O3)CO)O)O)O)O)O,37,0.37,0.554842818,0.47981083393096924
1_982,UDP-galactose,MQYGAVVVTFNRKKLLLESITALMNQTVPPTKIIIIDNHSTDGTRAALEHQGILTNSQVDYRYLEQNIGGAGGFARGMQIAQADPNLDWVSLSDDDAIFEADYFEKLIAYHSTHPNRQILTGSVYVEDGRLQVDQRNRFTSWSTFRTQAVPEAAYTGNFEFDQYTFCGVFMSLAIVKQVGVADAGFFIWWDDCEYAVRTAKLSKPVNVSAAKLIHKTYLPSLDLKTSFIPDWRLYYGLRNRFITIKRWRANPVVSLAWLSYFYARLLFKLCGPFYRGYHKMVIKAYTQALRDAAIEKEGLNLNFMPGQKF,C1=CN(C(=O)NC1=O)C2C(C(C(O2)COP(=O)(O)OP(=O)(O)OC3C(C(C(C(O3)CO)O)O)O)O)O,37,0.37,0.554842818,1.474226713180542
1_946,GDP-mannose,MKKVAAILVTYNRVDLLKKCLSQLLIQPAALTQILVIDNHSSDDTQSFMSKLVKEHHQVIYSRLDSNLGGAGGFSEGIKQAMSLDVDYFWIMDDDTIPNPDTLTNLLDADKQLQSKWSFLSSNVRWVDNKAARMNQLTTQKYWSDEIGNGLIAVKTGTFVSILIKKDDVVRVGLPISEFFIWSDDTEYTIRLSDKFTGYFVINSTVTHETKVNLSVDLVHERDKNKISRYYYSLRNGFYIARREKKVGRYFVRAVLLSLSVIVSNSEYKWLKLKALYRGLFAGFVFNPKIKFYS,C1=NC2=C(N1C3C(C(C(O3)COP(=O)(O)OP(=O)(O)OC4C(C(C(C(O4)CO)O)O)O)O)O)N=C(NC2=O)N,37,0.37,0.554842818,1.4845986366271973
1_956,GDP-mannose,MKQVEINETVKVGHIQPQTNYQFLTMIGRPVTGWKLVVKRVFDLIVGLVGTVLSSPIVLIFAILVKLTSKGPAFYKQERVGLMGKSFNVIKLRSMYQNAEARTGAVWAQKNDPRITPVGRFMRKTRVDELPQFWNVLKGDMSLVGPRPERPVLTEEFSQQFADFPKRLRIIPGITGYAQINGGYDITPDAKCKLDNYYIEHFSVWFDIKMLLGTVKIVFTGDGAR,C1=NC2=C(N1C3C(C(C(O3)COP(=O)(O)OP(=O)(O)OC4C(C(C(C(O4)CO)O)O)O)O)O)N=C(NC2=O)N,37,0.37,0.554842818,0.5173977017402649
1_957,GDP-mannose,MKIVYVITQATWGGAQAHLYSLIERQVKIGNTVTLISGIEGRLSEQIKKNLPQVKLVIISNLVRQVSLINDFKAIRALRKLLKGLKPDILHLHSSKAGMVGRLAALGLSMKVVFTVHGWGFTPGVSKKQQLLIKLVEKTLRPLTTYYICVSRFDYQLGVENGIINESHPGVVIYNGVREVRCTVHNERSEKPFVLTMAARFNSQKRQDLLIQALAYIPDDLPLICNFLGNGPLLPNCQQLTQKLQVDDKVNFVGSVDNVQKYYQQSDGAILISDYEGLPISLVEALAQHLPIIASNVGGNEELIHNNGFLVGNDPHKIADKIVQLYRARDKKRMEDNSYKLFQRYFMVEDMLAQTQACYARCLA,C1=NC2=C(N1C3C(C(C(O3)COP(=O)(O)OP(=O)(O)OC4C(C(C(C(O4)CO)O)O)O)O)O)N=C(NC2=O)N,37,0.37,0.554842818,0.795903205871582
1_958,GDP-mannose,MIRVAHILFSSELGGAEQVAINISRNLSDCYHFTYFSPSGPIQNSVMAERIEYQSFDPKQIIKLKWEIEATKPDIIHAHDFKASFLANFLFRHIPIVTHIHQSPLWQTTCNLKSIAFKHVADKSARVIYVSKWAKESYIFQDKLTNTTVIPNGVDIERIKELAYLSIPTAFDLLFVGRLEEVKNPERFVEISKRLLVMFPNLKIGIVGDGSLKERLQSLIRELPQISLLGFQSNPYQYMARAKVVLSTSKSDAFGLTMVEAALLGAIPIAPSIGGIAQTTDELNGIVYASDDALLASLRDIFSDELIYKQFKSEISKIDFTKYGQTRFVNQIRQVYEGVLNDD,C1=NC2=C(N1C3C(C(C(O3)COP(=O)(O)OP(=O)(O)OC4C(C(C(C(O4)CO)O)O)O)O)O)N=C(NC2=O)N,37,0.37,0.554842818,0.6001423597335815
1_960,GDP-mannose,MEISVVMSVYNERPEQVRQSVEAILGQTYLPTEFIIVLDNPNQNDLKALLQTYDQQNDIIKLVFNWENIGLAASLNKAIKLANGELIARMDADDISEPKRLELELRELKRRSLDLVSGNIVYIDESGSVTGKKSAIPEDERLIAKLLPYGSTIIHPTVLMRKSAIDQVGGYRLLPTAEDYDLWLRMIASGLKIGSINVQVLKYRLRDNSMTSNAWKTYVVSRYIQKLYAQRVHTGDDAFKSDDPDLFAKINNEGMRQKFNRGQQYFTLAMQNTRQKKVGKGLHQLVKAMVTSKDNFYFVMNYLRFRLVWAVNRGRYHHV,C1=NC2=C(N1C3C(C(C(O3)COP(=O)(O)OP(=O)(O)OC4C(C(C(C(O4)CO)O)O)O)O)O)N=C(NC2=O)N,37,0.37,0.554842818,0.8733103275299072
1_962,GDP-mannose,MVNAKAKKLINNIGIFAIGNLGSKLISFILIPIFTRYMGTAQFGQVDLITTTINMLLPVVALSVADAVFRFVMDKNSDQVAVFTNGLSFTVLMIIIANLVYPVLVILNVNYAKYILIYLCVGLIQSLMQNFVRGIGYVKLFALNGLISSFVLAGVGLVRIVLQHGGVDGYLDALILSNGASIVFLGVFSKIWKFYALSALNRTFLITMLRYSIPLIPNAFLWFFTNDASRFFIVGILGLTANGLYAVATKIPTIINVFYTIFSQAWQISAVEEYEENRQGRFFSDVFNANAGLSFVLIGGIIVFLKPIMHVFVAASYFSAWEIVPTLLLASLFSNLSGFLGTIYLATKQTIGIMKTTVLGMLANVVLNLILIPLFGLQGAGIGAAAGFAFVALVRLRDVKKFVVLKVAWVPLITSLLLLIGMTIIQLSLPNILMMYLVLVMSELILIAINMHFLLRVKRK,C1=NC2=C(N1C3C(C(C(O3)COP(=O)(O)OP(=O)(O)OC4C(C(C(C(O4)CO)O)O)O)O)O)N=C(NC2=O)N,37,0.37,0.554842818,1.4481651782989502
1_981,GDP-mannose,MAKIACVIVTYNRKQLLGEALESALNQEAAPETIFVIDNASTDGTEGYINQRFDFDNQRLHYVRCAQNLGGSAGFATGMRLALQTDCDWISISDDDALFEPGYFKAMRAGIADHPQQQVFSGSVLLPDGTHDMMHRELITNPATLTVKPVSEATYVQDFMYDIFSFVGVLMSRQVVEDIGLPEQDYFIRFDDFEYAVRALKYGRFMNLSAAKVLHKTTYMRASIAPWKEYYVMRNRIALLLKHRGANRVTRWYCRRFLARKLLAILLFRNRWGQAWPLIKAYVTGYRDGWHARLGRQLAFLPS,C1=NC2=C(N1C3C(C(C(O3)COP(=O)(O)OP(=O)(O)OC4C(C(C(C(O4)CO)O)O)O)O)O)N=C(NC2=O)N,37,0.37,0.554842818,0.6698586940765381
1_982,GDP-mannose,MQYGAVVVTFNRKKLLLESITALMNQTVPPTKIIIIDNHSTDGTRAALEHQGILTNSQVDYRYLEQNIGGAGGFARGMQIAQADPNLDWVSLSDDDAIFEADYFEKLIAYHSTHPNRQILTGSVYVEDGRLQVDQRNRFTSWSTFRTQAVPEAAYTGNFEFDQYTFCGVFMSLAIVKQVGVADAGFFIWWDDCEYAVRTAKLSKPVNVSAAKLIHKTYLPSLDLKTSFIPDWRLYYGLRNRFITIKRWRANPVVSLAWLSYFYARLLFKLCGPFYRGYHKMVIKAYTQALRDAAIEKEGLNLNFMPGQKF,C1=NC2=C(N1C3C(C(C(O3)COP(=O)(O)OP(=O)(O)OC4C(C(C(C(O4)CO)O)O)O)O)O)N=C(NC2=O)N,37,0.37,0.554842818,1.398464560508728
1_1389,D-Xylulose 5-phosphate,MIKVAPSILSADFANLQRDVQMAENAGADALHIDVMDGQFVPNLSFGMSTVADLRPVTSLMLDCHLMIMDPERFVGQFAKAGADLIGVHVESTRHIYHALQLIKDAGVKAEVVVNPGTPLSMISELLPLVDQVLIMTVNPGFGGQHFLDQMVAKIAALNELKQQHGYQFEIEVDGGINDQTVKACYDAGATVAVAGSYVYDSADPAQRIQDLKVATN,C(C(C(C(=O)CO)O)O)OP(=O)(O)O,37,0.37,0.554842818,-0.060837745666503906
1_305,D-Ribulose 5-phosphate,MTIKQAIVQQALTLIKPQMVVGFGGGSTVGELVKEAANHVNDITVVTPSPTTCQLATVLGYTVVDTAYCDRVDIAFDGCDQLDHHGNALKSGGGIHANEKIIASLADEYWLLTMQDRLVDQFDIKTPLVLEVLPAALSLVMRTVSDLGGQATIRTANNRDGFTLTDSGNLLIDCHFPTYAKLTDLNVELATLAGVVETSYFDHLVTNAWLGDAATNTVKALF,C(C(C(C(=O)CO)O)O)OP(=O)(O)O,37,0.37,0.554842818,-0.07778099179267883
1_497 ,D-Ribulose 5-phosphate,MNQDQLKQLVGQKAVEYIQDGMQVGLGTGSTVKFMVDALGERVKNEHLNIVGVSTSDRTAAQAKALGIPMKSVDEVDHLDLTIDGADEIADDFQGVKGGGAALLFEKIVAINSDKVMWIVDESKMVHQLGAFGLPVEVIPYGSQHVFEKMAARGYNPVFRKVNDELVRTDSNNIIIDLHIDPITDPHALAEDLIHMVGVVEHGLFLDMVNTVIVGHANGPEVIEARP,C(C(C(C(=O)CO)O)O)OP(=O)(O)O,37,0.37,0.554842818,1.5159832239151
1_2031,D-Fructose 6-phosphate,MSEPYFLKPVFHEKIWGGTKLHDDFNYDIPSDHTGECWAISAHPHGPATVENGPYAGMTLDRVWAEHRDVFGDAKGDVFPLLTKILDASEDLSVQVHPDDAYAAEHEHELGKTECWYVIAAEPGATMIYGHHAKTREQLAEWINNGEWNKLLRRVPVKPGDFLYVPSGTIHAVGKGIMVLETQQSSDTTYRLYDWDRVDKTTGQKRELHLQQSIDTTNVPHHDPDLDITTTQVGDATVTKYVQSPFFGVWQWRLTNGQATFNRGTAPYTLVSVLDGEGSIVVDGQDYPLSKGVHFILPFDVKQWTLKGDLQIIASEPGAKA,C(C(C(C(C(=O)CO)O)O)O)OP(=O)(O)O,37,0.37,0.554842818,2.104827880859375
1_586,D-Mannose 6-phosphate,MSWQDTYNTWKNQATLETSLKQELTGMAGDDAALEDAFYEPMEFGTAGMRGVLGPGINRMNIYTVRQATEGLARFMDTLPAEVKERGVAISFDSRHHSEDFAHESARVLGQHGIKSYVFESLRPTPELSFTVRHLHTYAGIMITASHNPKQYNGYKIYGEDGGQMPPKESDLITSYIRKVDDVFAIAVADEQQLLADKTETIIGDDVDQDYLAKVKEVTINQKLVDEVGKDMKLVFTPLHGTGRMLGEKALKNAGFKNFSVVKEQAVADPEFSTVKFPNPEFPEAFKIAIDLGKKEGADVLIAVDPDADRLGTAVRQPNGEYVLLTGNQIAAVLLHYILQANKDAGTLPTNAAAVKSIVSSEFATKVAASYGVTMINVLTGFKYIAEQIEHFEATGEHTYMFGFEESYGYLIKPFVHDKDAIQTTVLLAEVAAYYKQQGKNLYDGLQDLFKEYGYFREQTTSEEFDGVGGSDKIAALMTKFRSEAPTAFAGYDVTGTEDFQSQTESFADGHTAPIALPKANVLKYHLNDGTWIAIRPSGTEPKIKFYIGTLGSTLEEANDKLAKFEDAIQAFIKE,C(C1C(C(C(C(O1)O)O)O)O)OP(=O)(O)O,37,0.37,0.554842818,0.16565914452075958
1_634,D-Mannose 6-phosphate,MKYFGTDGVRGIANSGLTPEMAFRLGRAGGYVLTEHAENKSTQPRVLVARDTRISGQMLEEALIAGLLSAGIEVLRLGVITTPGVAYLVRIQDADAGVMISASHNPVEDNGIKFFGGDGFKLSDAKEEEIEELLDQPKDTLPRPAAEGLGTVADFPEGNLKYSQFLEQTIPDDLSGIHLAVDGANGSTSNLVSRIFADLNVEFDTMATAPDGLNINKGVGSTHPEALSKFVVEKGAQVGLAFDGDGDRCIAVDELGNIIDGDKIMYICGKFLSERGKLKQDTVVTTVMSNLGLYKALEAAGLHSKQTQVGDRYVVEEMLKDGYNLGGEQSGHVVFLDFNTTGDGMLTGIQLLHVMKETGKKLSELAAEVTTYPQKLVNVKVQDKKAALNNDKIKAVIKDVEDEMAGDGRVLVRPSGTQDLLRVMAEAKTDELVSAYVDRIVDVVKAEVGVE,C(C1C(C(C(C(O1)O)O)O)O)OP(=O)(O)O,37,0.37,0.554842818,-0.6600189208984375
