locus_tag,Substrate,Sequence,SMILES,Temperature,kcat_pred
1_946,UDP-glucose,MKKVAAILVTYNRVDLLKKCLSQLLIQPAALTQILVIDNHSSDDTQSFMSKLVKEHHQVIYSRLDSNLGGAGGFSEGIKQAMSLDVDYFWIMDDDTIPNPDTLTNLLDADKQLQSKWSFLSSNVRWVDNKAARMNQLTTQKYWSDEIGNGLIAVKTGTFVSILIKKDDVVRVGLPISEFFIWSDDTEYTIRLSDKFTGYFVINSTVTHETKVNLSVDLVHERDKNKISRYYYSLRNGFYIARREKKVGRYFVRAVLLSLSVIVSNSEYKWLKLKALYRGLFAGFVFNPKIKFYS*,C1=CN(C(=O)NC1=O)C2C(C(C(O2)COP(=O)(O)OP(=O)(O)OC3C(C(C(C(O3)CO)O)O)O)O)O,37,1.574177462
1_956,UDP-glucose,MKQVEINETVKVGHIQPQTNYQFLTMIGRPVTGWKLVVKRVFDLIVGLVGTVLSSPIVLIFAILVKLTSKGPAFYKQERVGLMGKSFNVIKLRSMYQNAEARTGAVWAQKNDPRITPVGRFMRKTRVDELPQFWNVLKGDMSLVGPRPERPVLTEEFSQQFADFPKRLRIIPGITGYAQINGGYDITPDAKCKLDNYYIEHFSVWFDIKMLLGTVKIVFTGDGAR*,C1=CN(C(=O)NC1=O)C2C(C(C(O2)COP(=O)(O)OP(=O)(O)OC3C(C(C(C(O3)CO)O)O)O)O)O,37,1.437867647
1_957,UDP-glucose,MKIVYVITQATWGGAQAHLYSLIERQVKIGNTVTLISGIEGRLSEQIKKNLPQVKLVIISNLVRQVSLINDFKAIRALRKLLKGLKPDILHLHSSKAGMVGRLAALGLSMKVVFTVHGWGFTPGVSKKQQLLIKLVEKTLRPLTTYYICVSRFDYQLGVENGIINESHPGVVIYNGVREVRCTVHNERSEKPFVLTMAARFNSQKRQDLLIQALAYIPDDLPLICNFLGNGPLLPNCQQLTQKLQVDDKVNFVGSVDNVQKYYQQSDGAILISDYEGLPISLVEALAQHLPIIASNVGGNEELIHNNGFLVGNDPHKIADKIVQLYRARDKKRMEDNSYKLFQRYFMVEDMLAQTQACYARCLA*,C1=CN(C(=O)NC1=O)C2C(C(C(O2)COP(=O)(O)OP(=O)(O)OC3C(C(C(C(O3)CO)O)O)O)O)O,37,1.417949385
1_958,UDP-glucose,MIRVAHILFSSELGGAEQVAINISRNLSDCYHFTYFSPSGPIQNSVMAERIEYQSFDPKQIIKLKWEIEATKPDIIHAHDFKASFLANFLFRHIPIVTHIHQSPLWQTTCNLKSIAFKHVADKSARVIYVSKWAKESYIFQDKLTNTTVIPNGVDIERIKELAYLSIPTAFDLLFVGRLEEVKNPERFVEISKRLLVMFPNLKIGIVGDGSLKERLQSLIRELPQISLLGFQSNPYQYMARAKVVLSTSKSDAFGLTMVEAALLGAIPIAPSIGGIAQTTDELNGIVYASDDALLASLRDIFSDELIYKQFKSEISKIDFTKYGQTRFVNQIRQVYEGVLNDD*,C1=CN(C(=O)NC1=O)C2C(C(C(O2)COP(=O)(O)OP(=O)(O)OC3C(C(C(C(O3)CO)O)O)O)O)O,37,0.89672788
1_960,UDP-glucose,MEISVVMSVYNERPEQVRQSVEAILGQTYLPTEFIIVLDNPNQNDLKALLQTYDQQNDIIKLVFNWENIGLAASLNKAIKLANGELIARMDADDISEPKRLELELRELKRRSLDLVSGNIVYIDESGSVTGKKSAIPEDERLIAKLLPYGSTIIHPTVLMRKSAIDQVGGYRLLPTAEDYDLWLRMIASGLKIGSINVQVLKYRLRDNSMTSNAWKTYVVSRYIQKLYAQRVHTGDDAFKSDDPDLFAKINNEGMRQKFNRGQQYFTLAMQNTRQKKVGKGLHQLVKAMVTSKDNFYFVMNYLRFRLVWAVNRGRYHHV*,C1=CN(C(=O)NC1=O)C2C(C(C(O2)COP(=O)(O)OP(=O)(O)OC3C(C(C(C(O3)CO)O)O)O)O)O,37,0.831772666
1_962,UDP-glucose,MVNAKAKKLINNIGIFAIGNLGSKLISFILIPIFTRYMGTAQFGQVDLITTTINMLLPVVALSVADAVFRFVMDKNSDQVAVFTNGLSFTVLMIIIANLVYPVLVILNVNYAKYILIYLCVGLIQSLMQNFVRGIGYVKLFALNGLISSFVLAGVGLVRIVLQHGGVDGYLDALILSNGASIVFLGVFSKIWKFYALSALNRTFLITMLRYSIPLIPNAFLWFFTNDASRFFIVGILGLTANGLYAVATKIPTIINVFYTIFSQAWQISAVEEYEENRQGRFFSDVFNANAGLSFVLIGGIIVFLKPIMHVFVAASYFSAWEIVPTLLLASLFSNLSGFLGTIYLATKQTIGIMKTTVLGMLANVVLNLILIPLFGLQGAGIGAAAGFAFVALVRLRDVKKFVVLKVAWVPLITSLLLLIGMTIIQLSLPNILMMYLVLVMSELILIAINMHFLLRVKRK*,C1=CN(C(=O)NC1=O)C2C(C(C(O2)COP(=O)(O)OP(=O)(O)OC3C(C(C(C(O3)CO)O)O)O)O)O,37,1.553275831
1_981,UDP-glucose,MAKIACVIVTYNRKQLLGEALESALNQEAAPETIFVIDNASTDGTEGYINQRFDFDNQRLHYVRCAQNLGGSAGFATGMRLALQTDCDWISISDDDALFEPGYFKAMRAGIADHPQQQVFSGSVLLPDGTHDMMHRELITNPATLTVKPVSEATYVQDFMYDIFSFVGVLMSRQVVEDIGLPEQDYFIRFDDFEYAVRALKYGRFMNLSAAKVLHKTTYMRASIAPWKEYYVMRNRIALLLKHRGANRVTRWYCRRFLARKLLAILLFRNRWGQAWPLIKAYVTGYRDGWHARLGRQLAFLPS*,C1=CN(C(=O)NC1=O)C2C(C(C(O2)COP(=O)(O)OP(=O)(O)OC3C(C(C(C(O3)CO)O)O)O)O)O,37,0.273020382
1_982,UDP-glucose,MQYGAVVVTFNRKKLLLESITALMNQTVPPTKIIIIDNHSTDGTRAALEHQGILTNSQVDYRYLEQNIGGAGGFARGMQIAQADPNLDWVSLSDDDAIFEADYFEKLIAYHSTHPNRQILTGSVYVEDGRLQVDQRNRFTSWSTFRTQAVPEAAYTGNFEFDQYTFCGVFMSLAIVKQVGVADAGFFIWWDDCEYAVRTAKLSKPVNVSAAKLIHKTYLPSLDLKTSFIPDWRLYYGLRNRFITIKRWRANPVVSLAWLSYFYARLLFKLCGPFYRGYHKMVIKAYTQALRDAAIEKEGLNLNFMPGQKF*,C1=CN(C(=O)NC1=O)C2C(C(C(O2)COP(=O)(O)OP(=O)(O)OC3C(C(C(C(O3)CO)O)O)O)O)O,37,1.694738502
1_946,UDP-galactose,MKKVAAILVTYNRVDLLKKCLSQLLIQPAALTQILVIDNHSSDDTQSFMSKLVKEHHQVIYSRLDSNLGGAGGFSEGIKQAMSLDVDYFWIMDDDTIPNPDTLTNLLDADKQLQSKWSFLSSNVRWVDNKAARMNQLTTQKYWSDEIGNGLIAVKTGTFVSILIKKDDVVRVGLPISEFFIWSDDTEYTIRLSDKFTGYFVINSTVTHETKVNLSVDLVHERDKNKISRYYYSLRNGFYIARREKKVGRYFVRAVLLSLSVIVSNSEYKWLKLKALYRGLFAGFVFNPKIKFYS*,C1=CN(C(=O)NC1=O)C2C(C(C(O2)COP(=O)(O)OP(=O)(O)OC3C(C(C(C(O3)CO)O)O)O)O)O,37,1.574177462
1_956,UDP-galactose,MKQVEINETVKVGHIQPQTNYQFLTMIGRPVTGWKLVVKRVFDLIVGLVGTVLSSPIVLIFAILVKLTSKGPAFYKQERVGLMGKSFNVIKLRSMYQNAEARTGAVWAQKNDPRITPVGRFMRKTRVDELPQFWNVLKGDMSLVGPRPERPVLTEEFSQQFADFPKRLRIIPGITGYAQINGGYDITPDAKCKLDNYYIEHFSVWFDIKMLLGTVKIVFTGDGAR*,C1=CN(C(=O)NC1=O)C2C(C(C(O2)COP(=O)(O)OP(=O)(O)OC3C(C(C(C(O3)CO)O)O)O)O)O,37,1.437867647
1_957,UDP-galactose,MKIVYVITQATWGGAQAHLYSLIERQVKIGNTVTLISGIEGRLSEQIKKNLPQVKLVIISNLVRQVSLINDFKAIRALRKLLKGLKPDILHLHSSKAGMVGRLAALGLSMKVVFTVHGWGFTPGVSKKQQLLIKLVEKTLRPLTTYYICVSRFDYQLGVENGIINESHPGVVIYNGVREVRCTVHNERSEKPFVLTMAARFNSQKRQDLLIQALAYIPDDLPLICNFLGNGPLLPNCQQLTQKLQVDDKVNFVGSVDNVQKYYQQSDGAILISDYEGLPISLVEALAQHLPIIASNVGGNEELIHNNGFLVGNDPHKIADKIVQLYRARDKKRMEDNSYKLFQRYFMVEDMLAQTQACYARCLA*,C1=CN(C(=O)NC1=O)C2C(C(C(O2)COP(=O)(O)OP(=O)(O)OC3C(C(C(C(O3)CO)O)O)O)O)O,37,1.417949385
1_958,UDP-galactose,MIRVAHILFSSELGGAEQVAINISRNLSDCYHFTYFSPSGPIQNSVMAERIEYQSFDPKQIIKLKWEIEATKPDIIHAHDFKASFLANFLFRHIPIVTHIHQSPLWQTTCNLKSIAFKHVADKSARVIYVSKWAKESYIFQDKLTNTTVIPNGVDIERIKELAYLSIPTAFDLLFVGRLEEVKNPERFVEISKRLLVMFPNLKIGIVGDGSLKERLQSLIRELPQISLLGFQSNPYQYMARAKVVLSTSKSDAFGLTMVEAALLGAIPIAPSIGGIAQTTDELNGIVYASDDALLASLRDIFSDELIYKQFKSEISKIDFTKYGQTRFVNQIRQVYEGVLNDD*,C1=CN(C(=O)NC1=O)C2C(C(C(O2)COP(=O)(O)OP(=O)(O)OC3C(C(C(C(O3)CO)O)O)O)O)O,37,0.89672788
1_960,UDP-galactose,MEISVVMSVYNERPEQVRQSVEAILGQTYLPTEFIIVLDNPNQNDLKALLQTYDQQNDIIKLVFNWENIGLAASLNKAIKLANGELIARMDADDISEPKRLELELRELKRRSLDLVSGNIVYIDESGSVTGKKSAIPEDERLIAKLLPYGSTIIHPTVLMRKSAIDQVGGYRLLPTAEDYDLWLRMIASGLKIGSINVQVLKYRLRDNSMTSNAWKTYVVSRYIQKLYAQRVHTGDDAFKSDDPDLFAKINNEGMRQKFNRGQQYFTLAMQNTRQKKVGKGLHQLVKAMVTSKDNFYFVMNYLRFRLVWAVNRGRYHHV*,C1=CN(C(=O)NC1=O)C2C(C(C(O2)COP(=O)(O)OP(=O)(O)OC3C(C(C(C(O3)CO)O)O)O)O)O,37,0.831772666
1_962,UDP-galactose,MVNAKAKKLINNIGIFAIGNLGSKLISFILIPIFTRYMGTAQFGQVDLITTTINMLLPVVALSVADAVFRFVMDKNSDQVAVFTNGLSFTVLMIIIANLVYPVLVILNVNYAKYILIYLCVGLIQSLMQNFVRGIGYVKLFALNGLISSFVLAGVGLVRIVLQHGGVDGYLDALILSNGASIVFLGVFSKIWKFYALSALNRTFLITMLRYSIPLIPNAFLWFFTNDASRFFIVGILGLTANGLYAVATKIPTIINVFYTIFSQAWQISAVEEYEENRQGRFFSDVFNANAGLSFVLIGGIIVFLKPIMHVFVAASYFSAWEIVPTLLLASLFSNLSGFLGTIYLATKQTIGIMKTTVLGMLANVVLNLILIPLFGLQGAGIGAAAGFAFVALVRLRDVKKFVVLKVAWVPLITSLLLLIGMTIIQLSLPNILMMYLVLVMSELILIAINMHFLLRVKRK*,C1=CN(C(=O)NC1=O)C2C(C(C(O2)COP(=O)(O)OP(=O)(O)OC3C(C(C(C(O3)CO)O)O)O)O)O,37,1.553275831
1_981,UDP-galactose,MAKIACVIVTYNRKQLLGEALESALNQEAAPETIFVIDNASTDGTEGYINQRFDFDNQRLHYVRCAQNLGGSAGFATGMRLALQTDCDWISISDDDALFEPGYFKAMRAGIADHPQQQVFSGSVLLPDGTHDMMHRELITNPATLTVKPVSEATYVQDFMYDIFSFVGVLMSRQVVEDIGLPEQDYFIRFDDFEYAVRALKYGRFMNLSAAKVLHKTTYMRASIAPWKEYYVMRNRIALLLKHRGANRVTRWYCRRFLARKLLAILLFRNRWGQAWPLIKAYVTGYRDGWHARLGRQLAFLPS*,C1=CN(C(=O)NC1=O)C2C(C(C(O2)COP(=O)(O)OP(=O)(O)OC3C(C(C(C(O3)CO)O)O)O)O)O,37,0.273020382
1_982,UDP-galactose,MQYGAVVVTFNRKKLLLESITALMNQTVPPTKIIIIDNHSTDGTRAALEHQGILTNSQVDYRYLEQNIGGAGGFARGMQIAQADPNLDWVSLSDDDAIFEADYFEKLIAYHSTHPNRQILTGSVYVEDGRLQVDQRNRFTSWSTFRTQAVPEAAYTGNFEFDQYTFCGVFMSLAIVKQVGVADAGFFIWWDDCEYAVRTAKLSKPVNVSAAKLIHKTYLPSLDLKTSFIPDWRLYYGLRNRFITIKRWRANPVVSLAWLSYFYARLLFKLCGPFYRGYHKMVIKAYTQALRDAAIEKEGLNLNFMPGQKF*,C1=CN(C(=O)NC1=O)C2C(C(C(O2)COP(=O)(O)OP(=O)(O)OC3C(C(C(C(O3)CO)O)O)O)O)O,37,1.694738502
1_946,GDP-mannose,MKKVAAILVTYNRVDLLKKCLSQLLIQPAALTQILVIDNHSSDDTQSFMSKLVKEHHQVIYSRLDSNLGGAGGFSEGIKQAMSLDVDYFWIMDDDTIPNPDTLTNLLDADKQLQSKWSFLSSNVRWVDNKAARMNQLTTQKYWSDEIGNGLIAVKTGTFVSILIKKDDVVRVGLPISEFFIWSDDTEYTIRLSDKFTGYFVINSTVTHETKVNLSVDLVHERDKNKISRYYYSLRNGFYIARREKKVGRYFVRAVLLSLSVIVSNSEYKWLKLKALYRGLFAGFVFNPKIKFYS*,C1=NC2=C(N1C3C(C(C(O3)COP(=O)(O)OP(=O)(O)OC4C(C(C(C(O4)CO)O)O)O)O)O)N=C(NC2=O)N,37,1.239556624
1_956,GDP-mannose,MKQVEINETVKVGHIQPQTNYQFLTMIGRPVTGWKLVVKRVFDLIVGLVGTVLSSPIVLIFAILVKLTSKGPAFYKQERVGLMGKSFNVIKLRSMYQNAEARTGAVWAQKNDPRITPVGRFMRKTRVDELPQFWNVLKGDMSLVGPRPERPVLTEEFSQQFADFPKRLRIIPGITGYAQINGGYDITPDAKCKLDNYYIEHFSVWFDIKMLLGTVKIVFTGDGAR*,C1=NC2=C(N1C3C(C(C(O3)COP(=O)(O)OP(=O)(O)OC4C(C(C(C(O4)CO)O)O)O)O)O)N=C(NC2=O)N,37,1.301540723
1_957,GDP-mannose,MKIVYVITQATWGGAQAHLYSLIERQVKIGNTVTLISGIEGRLSEQIKKNLPQVKLVIISNLVRQVSLINDFKAIRALRKLLKGLKPDILHLHSSKAGMVGRLAALGLSMKVVFTVHGWGFTPGVSKKQQLLIKLVEKTLRPLTTYYICVSRFDYQLGVENGIINESHPGVVIYNGVREVRCTVHNERSEKPFVLTMAARFNSQKRQDLLIQALAYIPDDLPLICNFLGNGPLLPNCQQLTQKLQVDDKVNFVGSVDNVQKYYQQSDGAILISDYEGLPISLVEALAQHLPIIASNVGGNEELIHNNGFLVGNDPHKIADKIVQLYRARDKKRMEDNSYKLFQRYFMVEDMLAQTQACYARCLA*,C1=NC2=C(N1C3C(C(C(O3)COP(=O)(O)OP(=O)(O)OC4C(C(C(C(O4)CO)O)O)O)O)O)N=C(NC2=O)N,37,1.527599946
1_958,GDP-mannose,MIRVAHILFSSELGGAEQVAINISRNLSDCYHFTYFSPSGPIQNSVMAERIEYQSFDPKQIIKLKWEIEATKPDIIHAHDFKASFLANFLFRHIPIVTHIHQSPLWQTTCNLKSIAFKHVADKSARVIYVSKWAKESYIFQDKLTNTTVIPNGVDIERIKELAYLSIPTAFDLLFVGRLEEVKNPERFVEISKRLLVMFPNLKIGIVGDGSLKERLQSLIRELPQISLLGFQSNPYQYMARAKVVLSTSKSDAFGLTMVEAALLGAIPIAPSIGGIAQTTDELNGIVYASDDALLASLRDIFSDELIYKQFKSEISKIDFTKYGQTRFVNQIRQVYEGVLNDD*,C1=NC2=C(N1C3C(C(C(O3)COP(=O)(O)OP(=O)(O)OC4C(C(C(C(O4)CO)O)O)O)O)O)N=C(NC2=O)N,37,0.800083613
1_960,GDP-mannose,MEISVVMSVYNERPEQVRQSVEAILGQTYLPTEFIIVLDNPNQNDLKALLQTYDQQNDIIKLVFNWENIGLAASLNKAIKLANGELIARMDADDISEPKRLELELRELKRRSLDLVSGNIVYIDESGSVTGKKSAIPEDERLIAKLLPYGSTIIHPTVLMRKSAIDQVGGYRLLPTAEDYDLWLRMIASGLKIGSINVQVLKYRLRDNSMTSNAWKTYVVSRYIQKLYAQRVHTGDDAFKSDDPDLFAKINNEGMRQKFNRGQQYFTLAMQNTRQKKVGKGLHQLVKAMVTSKDNFYFVMNYLRFRLVWAVNRGRYHHV*,C1=NC2=C(N1C3C(C(C(O3)COP(=O)(O)OP(=O)(O)OC4C(C(C(C(O4)CO)O)O)O)O)O)N=C(NC2=O)N,37,0.561163277
1_962,GDP-mannose,MVNAKAKKLINNIGIFAIGNLGSKLISFILIPIFTRYMGTAQFGQVDLITTTINMLLPVVALSVADAVFRFVMDKNSDQVAVFTNGLSFTVLMIIIANLVYPVLVILNVNYAKYILIYLCVGLIQSLMQNFVRGIGYVKLFALNGLISSFVLAGVGLVRIVLQHGGVDGYLDALILSNGASIVFLGVFSKIWKFYALSALNRTFLITMLRYSIPLIPNAFLWFFTNDASRFFIVGILGLTANGLYAVATKIPTIINVFYTIFSQAWQISAVEEYEENRQGRFFSDVFNANAGLSFVLIGGIIVFLKPIMHVFVAASYFSAWEIVPTLLLASLFSNLSGFLGTIYLATKQTIGIMKTTVLGMLANVVLNLILIPLFGLQGAGIGAAAGFAFVALVRLRDVKKFVVLKVAWVPLITSLLLLIGMTIIQLSLPNILMMYLVLVMSELILIAINMHFLLRVKRK*,C1=NC2=C(N1C3C(C(C(O3)COP(=O)(O)OP(=O)(O)OC4C(C(C(C(O4)CO)O)O)O)O)O)N=C(NC2=O)N,37,0.826666804
1_981,GDP-mannose,MAKIACVIVTYNRKQLLGEALESALNQEAAPETIFVIDNASTDGTEGYINQRFDFDNQRLHYVRCAQNLGGSAGFATGMRLALQTDCDWISISDDDALFEPGYFKAMRAGIADHPQQQVFSGSVLLPDGTHDMMHRELITNPATLTVKPVSEATYVQDFMYDIFSFVGVLMSRQVVEDIGLPEQDYFIRFDDFEYAVRALKYGRFMNLSAAKVLHKTTYMRASIAPWKEYYVMRNRIALLLKHRGANRVTRWYCRRFLARKLLAILLFRNRWGQAWPLIKAYVTGYRDGWHARLGRQLAFLPS*,C1=NC2=C(N1C3C(C(C(O3)COP(=O)(O)OP(=O)(O)OC4C(C(C(C(O4)CO)O)O)O)O)O)N=C(NC2=O)N,37,0.272524133
1_982,GDP-mannose,MQYGAVVVTFNRKKLLLESITALMNQTVPPTKIIIIDNHSTDGTRAALEHQGILTNSQVDYRYLEQNIGGAGGFARGMQIAQADPNLDWVSLSDDDAIFEADYFEKLIAYHSTHPNRQILTGSVYVEDGRLQVDQRNRFTSWSTFRTQAVPEAAYTGNFEFDQYTFCGVFMSLAIVKQVGVADAGFFIWWDDCEYAVRTAKLSKPVNVSAAKLIHKTYLPSLDLKTSFIPDWRLYYGLRNRFITIKRWRANPVVSLAWLSYFYARLLFKLCGPFYRGYHKMVIKAYTQALRDAAIEKEGLNLNFMPGQKF*,C1=NC2=C(N1C3C(C(C(O3)COP(=O)(O)OP(=O)(O)OC4C(C(C(C(O4)CO)O)O)O)O)O)N=C(NC2=O)N,37,1.544473129
